zp他のタイプ,sl-zp150,South Light<br>ポップアップテント,"¥3,480",https://takasyou.jp/rakuten/taihei/sl-zp150.jpg,送料無料
zp他のタイプ,sl-zp200,South Light<br>ワンタッチテント,"¥8,980",https://takasyou.jp/rakuten/taihei/sl-zp200.jpg,送料無料
zp他のタイプ,sl-zp210,South Light<br>ワンタッチテント,"¥8,680",https://takasyou.jp/rakuten/taihei/sl-zp210.jpg,送料無料
zp他のタイプ,sl-zp560d,South Light<br>ツールームテント,"¥23,980",https://takasyou.jp/rakuten/taihei/sl-zp560d.jpg,送料無料
,,,,,
zp買った,sl-tc240,South Light<br>ヘキサタープシート,"¥6,480",https://takasyou.jp/rakuten/taihei/sl-tc240.jpg,送料無料
zp買った,sl-pj01,South Light<br>ヘキサタープ用ポール,"¥3,380",https://takasyou.jp/rakuten/taihei/sl-pj01.jpg,送料無料
zp買った,sl-dz185l,South Light<br>レジャーシート,"¥2,380",https://takasyou.jp/rakuten/taihei/sl-dz185l.jpg,送料無料
zp買った,sl-jz92,South Light<br>ハンガーラック,"¥2,880",https://takasyou.jp/rakuten/taihei/sl-jz92.jpg,送料無料
zp買った,sl-fh3630-st,South Light<br>焚き火台,"¥5,360",https://takasyou.jp/rakuten/taihei/sl-fh3630-st.jpg,送料無料
zp買った,sl-dz192c,South Light<br>エアーマット,"¥3,780",https://takasyou.jp/rakuten/taihei/sl-dz192c.jpg,送料無料
zp買った,sl-dz192l,South Light<br>エアーマット,"¥3,970",https://takasyou.jp/rakuten/taihei/sl-dz192l.jpg,送料無料
zp買った,sl-fh3722,South Light<br>焚き火台,"¥18,300",https://takasyou.jp/rakuten/taihei/sl-fh3722.jpg,送料無料
zp買った,sl-yz62,South Light<br>アウトドアチェア,"¥5,980",https://takasyou.jp/rakuten/taihei/sl-yz62.jpg,送料無料
zp買った,sl-zz67,South Light<br>アウトドアテーブル,"¥9,980",https://takasyou.jp/rakuten/taihei/sl-zz67.jpg,送料無料
,,,,,
zpおすすめ,sl-zp150,South Light<br>ポップアップテント,"¥3,480",https://takasyou.jp/rakuten/taihei/sl-zp150.jpg,送料無料
zpおすすめ,sl-zp200,South Light<br>ワンタッチテント,"¥8,980",https://takasyou.jp/rakuten/taihei/sl-zp200.jpg,送料無料
zpおすすめ,sl-zp210,South Light<br>ワンタッチテント,"¥8,680",https://takasyou.jp/rakuten/taihei/sl-zp210.jpg,送料無料
zpおすすめ,sl-zp560d,South Light<br>ツールームテント,"¥23,980",https://takasyou.jp/rakuten/taihei/sl-zp560d.jpg,送料無料
zpおすすめ,sl-tc240-pj01,South Light ヘキサタープ(ポール付),"¥9,560",https://takasyou.jp/rakuten/taihei/sl-tc240-pj01.jpg,送料無料
zpおすすめ,sl-zy300,South Light<br>タープテント,"¥9,980",https://takasyou.jp/rakuten/taihei/sl-zy300.jpg,送料無料
zpおすすめ,sl-tz355-pj02,South Light スクエアタープ(ポール付),"¥17,580",https://takasyou.jp/rakuten/taihei/sl-tz355-pj02.jpg,送料無料
zpおすすめ,sl-zz44-br,South Light<br>アウトドアテーブル,"¥10,480",https://takasyou.jp/rakuten/taihei/sl-zz44-br.jpg,送料無料
zpおすすめ,sl-yz65,South Light<br>アウトドアチェア,"¥3,980",https://takasyou.jp/rakuten/taihei/sl-yz65.jpg,送料無料
zpおすすめ,sl-yz114,South Light<br>アウトドアチェア,"¥10,480",https://takasyou.jp/rakuten/taihei/sl-yz114.jpg,送料無料
zpおすすめ,sl-yz57,South Light<br>アウトドアチェア,"¥3,980",https://takasyou.jp/rakuten/taihei/sl-yz57.jpg,送料無料
zpおすすめ,sl-fd10,South Light<br>LED充電式ランタン,"¥3,680",https://takasyou.jp/rakuten/taihei/sl-fd10.jpg,送料無料
zpおすすめ,sl-fd8,South Light<br>LED充電式ランタン,"¥2,900",https://takasyou.jp/rakuten/taihei/sl-fd8.jpg,送料無料
zpおすすめ,sl-fd16,South Light<br>LED充電式ランタン,"¥2,880",https://takasyou.jp/rakuten/taihei/sl-fd16.jpg,送料無料
zpおすすめ,sl-fh1313,South Light<br>焚き火台,"¥3,080",https://takasyou.jp/rakuten/taihei/sl-fh1313.jpg,送料無料
,,,,,
tm他のタイプ,sl-zy300,South Light<br>タープテント,"¥9,980",https://takasyou.jp/rakuten/taihei/sl-zy300.jpg,送料無料
tm他のタイプ,sl-tc240-pj01,South Light ヘキサタープ(ポール付),"¥9,560",https://takasyou.jp/rakuten/taihei/sl-tc240-pj01.jpg,送料無料
tm他のタイプ,sl-tz355-pj02,South Light スクエアタープ(ポール付),"¥17,580",https://takasyou.jp/rakuten/taihei/sl-tz355-pj02.jpg,送料無料
,,,,,
tm買った,sl-pj01,South Light<br>ヘキサタープ用ポール,"¥3,380",https://takasyou.jp/rakuten/taihei/sl-pj01.jpg,送料無料
tm買った,sl-pj02,South Light<br>スクエアタープ用ポール,"¥6,380",https://takasyou.jp/rakuten/taihei/sl-pj02.jpg,送料無料
tm買った,sl-tc240,South Light<br>ヘキサタープシート,"¥6,480",https://takasyou.jp/rakuten/taihei/sl-tc240.jpg,送料無料
tm買った,sl-tz355,South Light<br>スクエアタープシート,"¥11,580",https://takasyou.jp/rakuten/taihei/sl-tz355.jpg,送料無料
tm買った,sl-yz62,South Light<br>アウトドアチェア,"¥5,980",https://takasyou.jp/rakuten/taihei/sl-yz62.jpg,送料無料
tm買った,sl-zz67,South Light<br>アウトドアテーブル,"¥9,980",https://takasyou.jp/rakuten/taihei/sl-zz67.jpg,送料無料
tm買った,sl-fh2020,South Light<br>焚き火台,"¥5,490",https://takasyou.jp/rakuten/taihei/sl-fh2020.jpg,送料無料
tm買った,sl-zj70-pj03,South Light<br>アウトドアテーブル,"¥6,780",https://takasyou.jp/rakuten/taihei/sl-zj70-pj03.jpg,送料無料
tm買った,sl-fh3630-st,South Light<br>焚き火台,"¥5,360",https://takasyou.jp/rakuten/taihei/sl-fh3630-st.jpg,送料無料
tm買った,sl-zz44-wd,South Light<br>アウトドアテーブル,"¥10,480",https://takasyou.jp/rakuten/taihei/sl-zz44-wd.jpg,送料無料
,,,,,
gz他のタイプ,sl-pj01,South Light<br>ヘキサタープ用ポール,"¥3,380",https://takasyou.jp/rakuten/taihei/sl-pj01.jpg,送料無料
gz他のタイプ,sl-pj02,South Light<br>スクエアタープ用ポール,"¥6,380",https://takasyou.jp/rakuten/taihei/sl-pj02.jpg,送料無料
,,,,,
gz買った,sl-tc240,South Light<br>ヘキサタープシート,"¥6,480",https://takasyou.jp/rakuten/taihei/sl-tc240.jpg,送料無料
gz買った,sl-tz355,South Light<br>スクエアタープシート,"¥11,580",https://takasyou.jp/rakuten/taihei/sl-tz355.jpg,送料無料
gz買った,sl-zy300,South Light<br>タープテント,"¥9,980",https://takasyou.jp/rakuten/taihei/sl-zy300.jpg,送料無料
gz買った,sl-yz62,South Light<br>アウトドアチェア,"¥5,980",https://takasyou.jp/rakuten/taihei/sl-yz62.jpg,送料無料
gz買った,sl-fh3722,South Light<br>焚き火台,"¥18,300",https://takasyou.jp/rakuten/taihei/sl-fh3722.jpg,送料無料
gz買った,sl-zz67,South Light<br>アウトドアテーブル,"¥9,980",https://takasyou.jp/rakuten/taihei/sl-zz67.jpg,送料無料
gz買った,sl-fh2020,South Light<br>焚き火台,"¥5,490",https://takasyou.jp/rakuten/taihei/sl-fh2020.jpg,送料無料
gz買った,sl-zj70-pj03,South Light<br>アウトドアテーブル,"¥6,780",https://takasyou.jp/rakuten/taihei/sl-zj70-pj03.jpg,送料無料
gz買った,sl-fh3630-st,South Light<br>焚き火台,"¥5,360",https://takasyou.jp/rakuten/taihei/sl-fh3630-st.jpg,送料無料
gz買った,sl-zz44-wd,South Light<br>アウトドアテーブル,"¥10,480",https://takasyou.jp/rakuten/taihei/sl-zz44-wd.jpg,送料無料
,,,,,
zz他のタイプ,sl-zz44-wd,South Light<br>アウトドアテーブル,"¥10,480",https://takasyou.jp/rakuten/taihei/sl-zz44-wd.jpg,送料無料
zz他のタイプ,sl-zz44-br,South Light<br>アウトドアテーブル,"¥10,480",https://takasyou.jp/rakuten/taihei/sl-zz44-br.jpg,送料無料
zz他のタイプ,sl-zz67,South Light<br>アウトドアテーブル,"¥9,980",https://takasyou.jp/rakuten/taihei/sl-zz67.jpg,送料無料
zz他のタイプ,sl-zz104,South Light<br>アウトドアテーブル,"¥9,480",https://takasyou.jp/rakuten/taihei/sl-zz104.jpg,送料無料
zz他のタイプ,sl-zj70-pj03,South Light<br>アウトドアテーブル,"¥6,780",https://takasyou.jp/rakuten/taihei/sl-zj70-pj03.jpg,送料無料
,,,,,
zz買った,sl-yz62,South Light<br>アウトドアチェア,"¥5,980",https://takasyou.jp/rakuten/taihei/sl-yz62.jpg,送料無料
zz買った,sl-yz65,South Light<br>アウトドアチェア,"¥3,980",https://takasyou.jp/rakuten/taihei/sl-yz65.jpg,送料無料
zz買った,sl-yz57,South Light<br>アウトドアチェア,"¥3,980",https://takasyou.jp/rakuten/taihei/sl-yz57.jpg,送料無料
zz買った,sl-yz114,South Light<br>アウトドアチェア,"¥10,480",https://takasyou.jp/rakuten/taihei/sl-yz114.jpg,送料無料
zz買った,sl-zj70,South Light<br>アウトドアテーブル,"¥4,380",https://takasyou.jp/rakuten/taihei/sl-zj70.jpg,送料無料
zz買った,sl-jz92,South Light<br>ハンガーラック,"¥2,880",https://takasyou.jp/rakuten/taihei/sl-jz92.jpg,送料無料
zz買った,sl-kl22,South Light<br>バーベキューコンロ,"¥4,980",https://takasyou.jp/rakuten/taihei/sl-kl22.jpg,送料無料
zz買った,sl-fh3722,South Light<br>焚き火台,"¥18,300",https://takasyou.jp/rakuten/taihei/sl-fh3722.jpg,送料無料
zz買った,sl-fh3630-st,South Light<br>焚き火台,"¥5,360",https://takasyou.jp/rakuten/taihei/sl-fh3630-st.jpg,送料無料
zz買った,sl-kl38,South Light<br>バーベキューコンロ,"¥6,880",https://takasyou.jp/rakuten/taihei/sl-kl38.jpg,送料無料
,,,,,
yz他のタイプ,sl-yz57,South Light<br>アウトドアチェア,"¥3,980",https://takasyou.jp/rakuten/taihei/sl-yz57.jpg,送料無料
yz他のタイプ,sl-yz62,South Light<br>アウトドアチェア,"¥5,980",https://takasyou.jp/rakuten/taihei/sl-yz62.jpg,送料無料
yz他のタイプ,sl-yz114,South Light<br>アウトドアチェア,"¥10,480",https://takasyou.jp/rakuten/taihei/sl-yz114.jpg,送料無料
,,,,,
yz買った,sl-zz67,South Light<br>アウトドアテーブル,"¥9,980",https://takasyou.jp/rakuten/taihei/sl-zz67.jpg,送料無料
yz買った,sl-zz44-wd,South Light<br>アウトドアテーブル,"¥10,480",https://takasyou.jp/rakuten/taihei/sl-zz44-wd.jpg,送料無料
yz買った,sl-zz44-br,South Light<br>アウトドアテーブル,"¥10,480",https://takasyou.jp/rakuten/taihei/sl-zz44-br.jpg,送料無料
yz買った,sl-zz104,South Light<br>アウトドアテーブル,"¥9,480",https://takasyou.jp/rakuten/taihei/sl-zz104.jpg,送料無料
yz買った,sl-dz185l,South Light<br>レジャーシート,"¥2,380",https://takasyou.jp/rakuten/taihei/sl-dz185l.jpg,送料無料
yz買った,sl-dz192c,South Light<br>エアーマット,"¥3,780",https://takasyou.jp/rakuten/taihei/sl-dz192c.jpg,送料無料
yz買った,sl-dz192l,South Light<br>エアーマット,"¥3,970",https://takasyou.jp/rakuten/taihei/sl-dz192l.jpg,送料無料
yz買った,sl-zj70-pj03,South Light<br>アウトドアテーブル,"¥6,780",https://takasyou.jp/rakuten/taihei/sl-zj70-pj03.jpg,送料無料
yz買った,sl-zp210,South Light<br>ワンタッチテント,"¥8,680",https://takasyou.jp/rakuten/taihei/sl-zp210.jpg,送料無料
yz買った,sl-zp150,South Light<br>ポップアップテント,"¥3,480",https://takasyou.jp/rakuten/taihei/sl-zp150.jpg,送料無料
,,,,,
d他のタイプ,sl-fd8,South Light<br>LED充電式ランタン,"¥2,900",https://takasyou.jp/rakuten/taihei/sl-fd8.jpg,送料無料
d他のタイプ,sl-fd10,South Light<br>LED充電式ランタン,"¥3,680",https://takasyou.jp/rakuten/taihei/sl-fd10.jpg,送料無料
d他のタイプ,sl-fd16,South Light<br>LED充電式ランタン,"¥2,880",https://takasyou.jp/rakuten/taihei/sl-fd16.jpg,送料無料
d他のタイプ,sl-fsd21,South Light<br>LEDライト扇風機,"¥3,980",https://takasyou.jp/rakuten/taihei/sl-fsd21.jpg,送料無料
,,,,,
d買った,sl-zz44-br,South Light<br>アウトドアテーブル,"¥10,480",https://takasyou.jp/rakuten/taihei/sl-zz44-br.jpg,送料無料
d買った,sl-zj70-pj03,South Light<br>アウトドアテーブル,"¥6,780",https://takasyou.jp/rakuten/taihei/sl-zj70-pj03.jpg,送料無料
d買った,sl-yz62,South Light<br>アウトドアチェア,"¥5,980",https://takasyou.jp/rakuten/taihei/sl-yz62.jpg,送料無料
d買った,sl-yz65,South Light<br>アウトドアチェア,"¥3,980",https://takasyou.jp/rakuten/taihei/sl-yz65.jpg,送料無料
d買った,sl-yz114,South Light<br>アウトドアチェア,"¥10,480",https://takasyou.jp/rakuten/taihei/sl-yz114.jpg,送料無料
d買った,sl-yz57,South Light<br>アウトドアチェア,"¥3,980",https://takasyou.jp/rakuten/taihei/sl-yz57.jpg,送料無料
d買った,sl-zz104,South Light<br>アウトドアテーブル,"¥9,480",https://takasyou.jp/rakuten/taihei/sl-zz104.jpg,送料無料
d買った,sl-zy300,South Light<br>タープテント,"¥9,980",https://takasyou.jp/rakuten/taihei/sl-zy300.jpg,送料無料
d買った,sl-tc240-pj01,South Light ヘキサタープ(ポール付),"¥9,560",https://takasyou.jp/rakuten/taihei/sl-tc240-pj01.jpg,送料無料
d買った,sl-tz355-pj02,South Light スクエアタープ(ポール付),"¥17,580",https://takasyou.jp/rakuten/taihei/sl-tz355-pj02.jpg,送料無料
,,,,,
sd他のタイプ,sl-dz192c,South Light<br>エアーマット,"¥3,780",https://takasyou.jp/rakuten/taihei/sl-dz192c.jpg,送料無料
sd他のタイプ,sl-dz192l,South Light<br>エアーマット,"¥3,970",https://takasyou.jp/rakuten/taihei/sl-dz192l.jpg,送料無料
,,,,,
sd買った,sl-zp150,South Light<br>ポップアップテント,"¥3,480",https://takasyou.jp/rakuten/taihei/sl-zp150.jpg,送料無料
sd買った,sl-zp200,South Light<br>ワンタッチテント,"¥8,980",https://takasyou.jp/rakuten/taihei/sl-zp200.jpg,送料無料
sd買った,sl-zp210,South Light<br>ワンタッチテント,"¥8,680",https://takasyou.jp/rakuten/taihei/sl-zp210.jpg,送料無料
sd買った,sl-zp560d,South Light<br>ツールームテント,"¥23,980",https://takasyou.jp/rakuten/taihei/sl-zp560d.jpg,送料無料
sd買った,sl-tc240-pj01,South Light ヘキサタープ(ポール付),"¥9,560",https://takasyou.jp/rakuten/taihei/sl-tc240-pj01.jpg,送料無料
sd買った,sl-dz192c,South Light<br>エアーマット,"¥3,780",https://takasyou.jp/rakuten/taihei/sl-dz192c.jpg,送料無料
sd買った,sl-dz192l,South Light<br>エアーマット,"¥3,970",https://takasyou.jp/rakuten/taihei/sl-dz192l.jpg,送料無料
sd買った,sl-fd8,South Light<br>LED充電式ランタン,"¥2,900",https://takasyou.jp/rakuten/taihei/sl-fd8.jpg,送料無料
sd買った,sl-fd10,South Light<br>LED充電式ランタン,"¥3,680",https://takasyou.jp/rakuten/taihei/sl-fd10.jpg,送料無料
sd買った,sl-zz67,South Light<br>アウトドアテーブル,"¥9,980",https://takasyou.jp/rakuten/taihei/sl-zz67.jpg,送料無料
,,,,,
fht他のタイプ,sl-fh2020,South Light<br>焚き火台,"¥5,490",https://takasyou.jp/rakuten/taihei/sl-fh2020.jpg,送料無料
fht他のタイプ,sl-fh3722,South Light<br>焚き火台,"¥18,300",https://takasyou.jp/rakuten/taihei/sl-fh3722.jpg,送料無料
fht他のタイプ,sl-fh3630-st,South Light<br>焚き火台,"¥5,360",https://takasyou.jp/rakuten/taihei/sl-fh3630-st.jpg,送料無料
fht他のタイプ,sl-kl38,South Light<br>バーベキューコンロ,"¥6,880",https://takasyou.jp/rakuten/taihei/sl-kl38.jpg,送料無料
fht他のタイプ,sl-kl22,South Light<br>バーベキューコンロ,"¥4,980",https://takasyou.jp/rakuten/taihei/sl-kl22.jpg,送料無料
,,,,,
fht買った,sl-kl22,South Light<br>バーベキューコンロ,"¥4,980",https://takasyou.jp/rakuten/taihei/sl-kl22.jpg,送料無料
fht買った,sl-kl38,South Light<br>バーベキューコンロ,"¥6,880",https://takasyou.jp/rakuten/taihei/sl-kl38.jpg,送料無料
fht買った,sl-yz57,South Light<br>アウトドアチェア,"¥3,980",https://takasyou.jp/rakuten/taihei/sl-yz57.jpg,送料無料
fht買った,sl-yz114,South Light<br>アウトドアチェア,"¥10,480",https://takasyou.jp/rakuten/taihei/sl-yz114.jpg,送料無料
fht買った,sl-zj70-pj03,South Light<br>アウトドアテーブル,"¥6,780",https://takasyou.jp/rakuten/taihei/sl-zj70-pj03.jpg,送料無料
fht買った,sl-yz62,South Light<br>アウトドアチェア,"¥5,980",https://takasyou.jp/rakuten/taihei/sl-yz62.jpg,送料無料
fht買った,sl-yz65,South Light<br>アウトドアチェア,"¥3,980",https://takasyou.jp/rakuten/taihei/sl-yz65.jpg,送料無料
fht買った,sl-zz44-br,South Light<br>アウトドアテーブル,"¥10,480",https://takasyou.jp/rakuten/taihei/sl-zz44-br.jpg,送料無料
fht買った,sl-zz67,South Light<br>アウトドアテーブル,"¥9,980",https://takasyou.jp/rakuten/taihei/sl-zz67.jpg,送料無料
fht買った,sl-dz192c,South Light<br>エアーマット,"¥3,780",https://takasyou.jp/rakuten/taihei/sl-dz192c.jpg,送料無料