キーワード,商品型番,商品名,定価,販売値段,タグ,順位,ブランド,,,,,,,
SEASONITEM,xr-jsk03,除湿機 コンパクト 除湿ボトル,,"¥3,130",,,,,,,,,,
SEASONITEM,xr-ht05,サーキュレーター イオン除菌機能付き,,"¥6,880",,,,,,,,,,
SEASONITEM,xr-d046jr-uv,タワーファン uv除菌 空気清浄機,,"¥15,480",,,,,,,,,,
SEASONITEM,xr-df236,卓上扇風機 無段階 調速,,"¥2,380",,,,,,,,,,
SEASONITEM,xr-sf01,ミスト機能冷風機 冷風扇,,"¥14,080",,,,,,,,,,
SEASONITEM,xr-jd03,リビング扇風機 サーキュレーター,,"¥2,780",,,,,,,,,,
SEASONITEM,xr-jd04,リビング扇風機 高さ調節可能,,"¥3,580",,,,,,,,,,
SEASONITEM,xr-jd05,扇風機 4段階風量 2段階モード,,"¥3,680",,,,,,,,,,
SEASONITEM,xr-ht04,サーキュレーター 3 卓上型 壁掛け型,,"¥5,180",,,,,,,,,,xr-jd03
SEASONITEM,xr-ht09,扇風機 サーキュレーター イオン除菌,,"¥8,880",,,,,,,,,,xr-jd04
,,,,,,,,,,,,,,xr-jd05
NEWITEM,stn-1809,ハンディアイロン スチームアイロン,,"¥4,780",,,,,,,,,,xr-ht04
NEWITEM,xqb50-1699,全自動洗濯機 コンパクト 縦型,,"¥24,600",,,,,,,,,,xr-ht09
NEWITEM,xr-xd01,サーキュレーター DCモーター,,"¥6,480",,,,,,,,,,hojs02
NEWITEM,xthermo-zb,サーマルカメラ 卓上型 非接触,,"¥45,500",,,,,,,,,,stn-ms208
NEWITEM,aps-fk1700,足踏み式 消毒液ポンプスタンド,,"¥31,800",,,,,,,,,,xr-df243
NEWITEM,hojs02,除湿機 除湿ボトル コンパクト,,"¥5,530",,,,,,,,,,bs-39
NEWITEM,stn-ms208,ハンディアイロン 衣類スチーマー,,"¥3,140",,,,,,,,,,dmc-3905
NEWITEM,xr-df243,卓上扇風機 ハンディファン 静音,,"¥3,790",,,,,,,,,,jap-r7060
NEWITEM,bs-39,ビールサーバー 超音波 即発泡,,"¥4,380",,,,,,,,,,kap-r8060
NEWITEM,dmc-3905,布団クリーナー UVランプ 除菌,,"¥4,280",,,,,,,,,,psp-s8060
,,,,,,,,,,,,,,cap-5244
RANKING,xr-jd07,半額セール　扇風機 サーキュレーター,,"¥3,480",,,,,,,,,,jap-pabs-d5875
RANKING,xr-jd03,リビング扇風機 サーキュレーター,,"¥2,780",,,,,,,,,,
RANKING,xr-xd01,サーキュレーター DCモーター,,"¥6,480",,,,,,,,,,
RANKING,sl-fsd21,期間限定2000円OFF 扇風機 LEDライト,,"¥3,980",,,,,,,,,,
RANKING,xd-gh-8f,タオルウォーマー 前開き 7L ,,"¥8,580",,,,,,,,,,
RANKING,sl-zp150,ポップアップテント テント,,"¥4,180",,,,,,,,,,
RANKING,pms-558-g,強化ガラス仕様 モニター台 机上台,,"¥1,990",,,,,,,,,,
RANKING,xd-a7s,車載ホルダー ワイヤレス充電器,,"¥1,780",,,,,,,,,,
RANKING,hf310,ハンディーファン 充電式扇風機,,"¥2,960",,,,,,,,,,
RANKING,sl-yz62,アウトドアチェア　折りたたみ 椅子,,"¥5,980",,,,,,,,,,
,,,,,,,,,,,,,,
,,,,,,,,,,,,,,
アクリル,jap-r4050,飛沫防止 パーテーション横幅400*高さ500,,¥999,,,,,,,,,,
アクリル,jap-r5060,パーテーション 窓なし まん延防止,,"¥1,050",,,,,,,,,,
アクリル,siaaabs-p3045,PETパーテーション 差し込み簡単,,"¥1,380",,,,,,,,,,
アクリル,jps-nss-r3045,スタンド板厚10mm 日本製 パーテーション,,"¥1,580",,,,,,,,,,
アクリル,jps-nss-r4050,日本製 パーテーション 幅400×高さ500,,"¥1,630",,,,,,,,,,
アクリル,jap-r7060,W700×H600mm 3mm アクリルパーテーション,,"¥1,880",,,,,,,,,,
アクリル,kap-r8060,日本製 アクリルパーテーション W800×H600mm,,"¥3,080",,,,,,,,,,
アクリル,psp-s8060,W800×H600mm 透明 パーテーション,,"¥3,980",,,,,,,,,,
アクリル,cap-5244,高さ5段階調整可能 高透明度アクリル,,"¥2,790",,,,,,,,,,
アクリル,jap-pabs-d5875,アクリルパーテーション W580×H750mm,,"¥4,280",,,,,,,,,,
,,,,,,,,,,,,,,
アウトドア,sl-zp150,ポップアップテント 1人 2人用,,"¥4,180",,1,,,,,,,,
アウトドア,sl-zp200,ワンタッチテント 2-4人用,,"¥7,800",,2,,,,,,,,
アウトドア,sl-fsd21,扇風機 LEDライト 3 in1,,"¥3,980",,3,,,,,,,,
アウトドア,sl-yz730,アウトドアチェア 折りたたみ,,"¥5,980",,4,,,,,,,,
アウトドア,sl-yz114,アウトドアチェア 二人掛け,,"¥6,990",,5,,,,,,,,
,,,,,,,,,,,,,,
一般家電,egb-w81,電気ケトル ケトル グースネック,,"¥3,580",,1,,,,,,,,
一般家電,xd-id618,AI認識 防犯カメラ コンパクト,,"¥4,950",,2,,,,,,,,
一般家電,xr-cm18,空気清浄機 集塵 脱臭 除菌,,"¥7,480",,3,,,,,,,,
一般家電,xr-ifu01,冷風扇風機 扇風機 大容量,,"¥6,300",,4,,,,,,,,
一般家電,hd-stytj,ロボット掃除機 自動ゴミ収集,,"¥53,000",,5,,,,,,,,
,,,,,,,,,,,,,,
PCスマホ周辺,h01-39080,液晶モニター台 スチール製 幅390 高さ80mm,,"¥2,250",,1,,,,,,,,
PCスマホ周辺,pms-8011,ホワイト 机上ラック スチール製 プリンター台,,"¥4,500",,2,,,,,,,,
PCスマホ周辺,xd002,iPhone13 ケース 耐衝撃,,"¥1,960",,3,,,,,,,,
PCスマホ周辺,xd-a7s,車載ホルダー ワイヤレス充電器,,"¥1,780",,4,,,,,,,,
PCスマホ周辺,xd-a18,車載ホルダー 自動開閉充電 Qi 15横幅 4～,,"¥2,680",,5,,,,,,,,
,,,,,,,,,,,,,,
店舗看板,jc-a1-s,シルバー A1 片面 ポスターパネルスタンド,,"¥7,200",,1,,,,,,,,
店舗看板,a1-s,シルバー A1 片面 ポスターパネルスタンド,,"¥9,640",,2,,,,,,,,
店舗看板,led-value-380,ECO点滅 横幅400×高さ1130mm,,"¥34,545",,3,,,,,,,,
店舗看板,tl-n380-bk,LED薄型電飾スタンド看板 ブラック,,"¥24,200",,4,,,,,,,,
店舗看板,led-pu-a1,壁掛け ライティングボード 店舗用看板 屋内対応,,"¥15,399",,5,,,,,,,,
,,,,,,,,,,,,,,
コロナ対策,xthermo-cp2v,最大50000人記録可能 サーモカメラ 非接触,,"¥52,800",,1,,,,,,,,
コロナ対策,xthermo-cq3-plus,自動消毒噴霧器付き 温度センサー搭載,,"¥56,980",,2,,,,,,,,
コロナ対策,xthermo-cq2-plus-ct,ステンレススタンド 非接触 検温システム,,"¥51,000",,3,,,,,,,,
コロナ対策,hd-10000ml,アルコール 消毒用エタノール 高濃度 75％,,"¥7,750",,4,,,,,,,,
コロナ対策,xgd-1,非接触 検温スタンド 卓上型 壁掛け式兼用,,"¥9,500",,5,,,,,,,,
,,,,,,,,,,,,,,
各種許可票,gs-pl-tomei-500-300,印刷加工 贈り物 入稿自由,,"¥17,800",,1,,,,,,,,
各種許可票,stlsumb-300-300,会社看板・銘板 文字自由,,"¥13,080",,2,,,,,,,,
各種許可票,stlsumb-400-150,データ入稿OK、スピード対応,,"¥14,410",,3,,,,,,,,
各種許可票,gs-pl-tomei-600-300,透明クリア看板 黒・白文字,,"¥19,570",,4,,,,,,,,
各種許可票,gs-pl-niso-400200,二層板彫刻加工 贈り物 通販,,"¥9,020",,5,,,,,,,,
,,,,,,,,,,,,,,
戸建表札,gs-nmpl-1008,シール 表札ポスト 貼る,,"¥3,680",,1,,,,,,,,
戸建表札,gs-pl-be-14772c,タイル表札 北欧 シンプル,,"¥7,680",,2,,,,,,,,
戸建表札,gs-nmpl-1010,会社・ 表札 ステンレス製,,"¥1,310",,3,,,,,,,,
戸建表札,gs-nmpl-1003,表札革命！北欧風 英字表札,,"¥14,580",,4,,,,,,,,
戸建表札,gs-pl-stlsudb-bs,漢字と英字のどちらも表示,,"¥12,850",,5,,,,,,,,
,,,,,,,,,,,,,,
標識サイン,t-rb,文字入れ加工込 許可票,,"¥8,500",,1,,,,,,,,
標識サイン,jms-brz-gold,法定看板 法定業者票 業者,,"¥12,000",,2,,,,,,,,
標識サイン,cyfqw-arumi,産業廃棄物収集運搬業者票,,"¥5,000",,3,,,,,,,,
標識サイン,tr-gold-stl-blk,許可プレート 標識板,,"¥10,000",,4,,,,,,,,
標識サイン,gs-pl-ele-t,業者看板 業者プレート,,"¥19,800",,5,,,,,,,,
,,,,,,,,,,,,,,
9wset,y1-o9,LED電球 60W相当 リモコン付き 9W E26,,"¥2,190",,,,,,,,,,
9wset,y1-o9-2set,LED電球 60W相当 2個 セット 9W E26,,"¥2,890",,,,,,,,,,
9wset,y1-o9-3set,LED電球 60W相当 3個 セット 9W E26,,"¥3,690",,,,,,,,,,
9wset,y1-o9-4set,LED電球 60W相当 4個セット 9W E26,,"¥4,380",,,,,,,,,,
,,,,,,,,,,,,,,
12wset,y1-o12,LED電球 80W相当 リモコン 12W E26,,"¥2,280",,,,,,,,,,
12wset,y1-o12-2set,LED電球 80W相当 2個セット 12W E26,,"¥3,190",,,,,,,,,,
12wset,y1-o12-3set,LED電球 80W相当 3個セット 12W E26,,"¥3,990",,,,,,,,,,
12wset,y1-o12-4set,LED電球 80W相当 4個セット 12W E26,,"¥4,680",,,,,,,,,,
,,,,,,,,,,,,,,
単品シリーズ,ykq1,LED電球 リモコン Omiシリーズ 専用リモコン,,"¥1,490",,,,,,,,,,
単品シリーズ,omi-9sa300,LED電球 60W相当 9W E26,,"¥2,080",,,,,,,,,,
単品シリーズ,omi-12sa300,LED電球 80W相当 12W E26,,"¥2,180",,,,,,,,,,
,,,,,,,,,,,,,,
zp他のタイプ,sl-zp150,ポップアップテント,,"¥4,180",,,,,,,,,,
zp他のタイプ,sl-zp200,テントワンタッチドームテント 折り畳み 4人用,,"¥7,800",,,,,,,,,,
zp他のタイプ,sl-zp210,South Lightワンタッチテント,,"¥8,680",,,,,,,,,,
zp他のタイプ,sl-zp560d,South Lightツールームテント,,"¥23,980",,,,,,,,,,
,,,,,,,,,,,,,,
zp買った,sl-tc240,South Lightヘキサタープシート,,"¥6,480",,,,,,,,,,
zp買った,sl-pj01,South Lightヘキサタープ用ポール,,"¥3,380",,,,,,,,,,
zp買った,sl-dz185l,South Lightレジャーシート,,"¥2,380",,,,,,,,,,
zp買った,sl-jz92,South Lightアルミ合金製 耐荷重15kg 軽量簡単,,"¥2,880",,,,,,,,,,
zp買った,sl-fh3630-st,South Light折り畳み焚き火台,,"¥5,360",,,,,,,,,,
zp買った,sl-dz192c,South Lightエアーマット,,"¥3,780",,,,,,,,,,
zp買った,sl-dz192l,South Lightエアーマット,,"¥3,570",,,,,,,,,,
zp買った,sl-fh3722,South Light焚き火台 折り畳み,,"¥5,580",,,,,,,,,,
zp買った,sl-yz62,South Lightアウトドアチェア,,"¥5,980",,,,,,,,,,
zp買った,sl-zz67,South Lightアウトドアテーブル,,"¥9,980",,,,,,,,,,
,,,,,,,,,,,,,,
zpおすすめ,sl-zp150,ポップアップテント,,"¥4,180",,,,,,,,,,
zpおすすめ,sl-zp200,テントワンタッチドームテント 折り畳み 4人用,,"¥7,800",,,,,,,,,,
zpおすすめ,sl-zp210,South Lightワンタッチテント,,"¥8,680",,,,,,,,,,
zpおすすめ,sl-zp560d,South Lightツールームテント,,"¥23,980",,,,,,,,,,
zpおすすめ,sl-tc240-pj02,South Light ヘキサタープ(ポール付),,,,,,,,,,,,
zpおすすめ,sl-zy300,South Lightタープテント,,"¥8,980",,,,,,,,,,
zpおすすめ,sl-tz355,South Lightスクエアタープシート,,"¥11,580",,,,,,,,,,
zpおすすめ,sl-zz44-br,South Lightアウトドアテーブル,,"¥10,480",,,,,,,,,,
zpおすすめ,sl-yz65,South Lightアウトドアチェア,,"¥3,980",,,,,,,,,,
zpおすすめ,sl-yz114,South Lightアウトドアチェア,,"¥6,990",,,,,,,,,,
zpおすすめ,sl-yz57,South Lightアウトドアチェア,,"¥3,680",,,,,,,,,,
zpおすすめ,sl-fd10,South LightLED充電式ランタン,,"¥3,680",,,,,,,,,,
zpおすすめ,sl-fd8,South LightLED充電式ランタン,,"¥2,900",,,,,,,,,,
zpおすすめ,sl-fd16,South LightLED充電式ランタン,,"¥2,880",,,,,,,,,,
zpおすすめ,sl-fh1313,South Light折り畳み焚き火台,,"¥3,980",,,,,,,,,,
,,,,,,,,,,,,,,
monitor総合,pms,モニター台幅80/100/110cm,,"¥8,000",,1,,,,,,,,
monitor総合,lap-ams,クランプ式 [横幅60cm 100cm],,"¥5,380",,2,,,,,,,,
monitor総合,pms-569-ug,モニタースタンド USBハブ×3 耐荷重25kg,,"¥3,190",,3,,,,,,,,
monitor総合,tks-seds60-br,日本製 収納 幅600x奥行254x高さ150mm,,,,4,,,,,,,,
monitor総合,tks-ds60-br,日本製 モニター台,,,,5,,,,,,,,
zpおすすめ,sl-fh1313,South Light折り畳み焚き火台,,"¥3,980",,,,,,,,,,
,,,,,,,,,,,,,,
monitor総合,pms,モニター台幅80/100/110cm,,"￥8,000",,1,,,,,,,,
monitor総合,lap-ams,クランプ式 [横幅60cm 100cm],,"￥5,380",,2,,,,,,,,
monitor総合,pms-569-ug,モニタースタンド USBハブ×3 耐荷重25kg,,"￥3,190",,3,,,,,,,,
monitor総合,tks-seds60-br,日本製 収納 幅600x奥行254x高さ150mm,,,,4,,,,,,,,
monitor総合,tks-ds60-br,日本製 モニター台,,,,5,,,,,,,,
,,,,,,,,,,,,,,
キッチンワゴン,tks-ktwg-hsp,収納ワゴン キャスター付き,,"￥2,890",,,,,,,,,,
キッチンワゴン,tks-ktwg-sp,キッチンワゴン キャスター付き 3段,,"￥2,880",,,,,,,,,,
,,,,,,,,,,,,,,
キッチンラック,tks-srsl,キッチンラック 棚 カウンター上 収納棚,,"￥2,580",,,,,,,,,,
キッチンラック,tks-srwd,キッチンラック 棚 カウンター上 収納棚,,"￥2,680",,,,,,,,,,
キッチンラック,tks-tpf,キッチンラック 伸縮ラック レンジ上ラック,,"￥2,680",,,,,,,,,,
キッチンラック,nkr-st18,日本製 キッチン用 収納ラック,,"￥3,480",,,,,,,,,,
,,,,,,,,,,,,,,
マグネット収納,tks-rfmr-s,マグネット収納 キッチンペーパーホルダー,,"￥3,380",,,,,,,,,,
マグネット収納,tks-rfmr-m,マグネット収納 キッチンペーパーホルダー,,"￥3,080",,,,,,,,,,
マグネット収納,tks-rfmr-l,マグネット収納 キッチンペーパーホルダー,,"￥4,080",,,,,,,,,,
マグネット収納,tks-rfmslr,マグネット収納 調味料ラック,,"￥2,980",,,,,,,,,,
,,,,,,,,,,,,,,
レンジラック,nksr-s62,日本製 キッチン用 収納ラック,,"￥9,800",,,,,,,,,,
レンジラック,tks-mwr-db,レンジラック キッチンラック 伸縮ラック,,"￥4,880",,,,,,,,,,
レンジラック,tks-mwr-sp,レンジラック キッチンラック 伸縮ラック,,"￥4,480",,,,,,,,,,
レンジラック,tks-mwr-tr,レンジラック キッチンラック 伸縮ラック,,"￥6,880",,,,,,,,,,
,,,,,,,,,,,,,,
bedframe1,tks-wbhb-s,シングルベッド すのこ コンセント付,,"￥13,800",,,,,,,,,,
bedframe1,tks-dr,ベッド下 収納ボックス 2個セット,,"￥6,490",,,,,,,,,,
bedframe2,tks-rlfb-d,すのこベッド ロール式 ダブル すのこ,,"￥8,280",,,,,,,,,,
bedframe2,tks-rlfb-s,すのこベッド ロール式 折りたたみ,,"￥6,280",,,,,,,,,,
bedframe2,tks-rlfb-sd,すのこベッド ロール式 折りたたみSD,,"￥7,280",,,,,,,,,,
,,,,,,,,,,,,,,
kidchen,lzk-50,冷蔵庫 小型 46L 1ドア 右開き一人暮らし,,"￥11,800",,,,,,,,,,
kidchen,lzk-87,冷蔵庫 2ドア 冷蔵 61L /冷凍 26L省エネ,,"￥19,300",,,,,,,,,,
kidchen,20mx63-l,17L 電子レンジ 単機能 小型 一人暮らし,,"￥6,980",,,,,,,,,,
,,,,,,,,,,,,,,
Air1,nsp-x2,AG+ 銀イオンプラズマ 空気清浄機 27畳対応,,"￥79,800",,,,,,,,,,
Air1,lsp-x1,AG+ 銀イオンプラズマ 空気清浄機 約15畳用,,"￥57,800",,,,,,,,,,
Air1,csp-x1,車載空気清浄機 コンパクト AG+ 除菌,,"￥21,800",,,,,,,,,,
Air2,xr-cm18,空気清浄機 適応21畳 除菌 小型 花粉症 対策,,"￥7,480",,,,,,,,,,
Air2,xr-d046jr-uv,4IN1 UV除菌・空気洗浄・冷暖扇風機,,"￥15,480",,,,,,,,,,