キーワード,商品型番,商品名,定価,販売値段,タグ,順位,ブランド
kidchen,lzk-50,冷蔵庫 小型 46L 1ドア 右開き一人暮らし,"￥11,800",,送料無料,,
kidchen,lzk-87,冷蔵庫 2ドア 冷蔵 61L / 冷凍 26L,"￥19,300",,送料無料,,
kidchen,20mx63-l,17L 電子レンジ 単機能 小型 一人暮らし,"￥6,980",,送料無料,,
,,,,,,,
Air1,nsp-x2,AG+銀イオンプラズマ 27畳対応,"￥79,800",,送料無料,,
Air1,lsp-x1,AG+銀イオンプラズマ 空気清浄機 15畳用,"￥57,800",,送料無料,,
Air1,csp-x1,車載 空気清浄機 コンパクト AG+ 除菌,"￥21,800",,送料無料,,
Air2,xr-cm18,空気清浄機 小型 花粉症 対策,"￥7,480",,送料無料,,
Air2,ajh-cz01,vr,,,送料無料,,
Air2,xr-d046jr-uv,4IN1 UV除菌・空気洗浄・冷暖扇風機,"￥15,480",,送料無料,,
,,,,,,,
Diningisu,tks-emscrtq70,イームズチェア ダイニング 木脚 北欧,"￥4,280",,送料無料,,
Diningisu,tks-emscr11,ダイニングチェア 北欧 木製 新生活,"￥3,580",,送料無料,,
Diningisu,tks-emscr12,ダイニングチェア 北欧 木製 新生活,"￥4,580",,送料無料,,
Diningisu,tks-emscrtq70-2set,イームズチェア 2脚セットPUタイプ,"￥7,990",,taihei.csv,,
Diningisu,tks-emscr11-2set,イームズチェア 2脚セット 選べる2色,"￥6,980",,送料無料,,
Diningisu,tks-emscr12-2set,イームズチェア 2脚セット クッション付き,"￥8,590",,送料無料,,
,,,,,,,
Cafetb,tks-emstb8,イームズ カフェテーブル 円型 幅60cm,"￥6,980",,送料無料,,
Cafetb,tks-emstb9,ダイニングテーブル 幅60cm円形 軽量,"￥6,980",,送料無料,,
Cafetb,tks-emstb9b,ダイニングテーブル 丸テーブル,"￥9,580",,送料無料,,
Cafetb,tks-emstb10,ダイニングテーブル 丸テーブル,"￥7,480",,送料無料,,
Cafetb,tks-emstb10b,ダイニングテーブル 丸テーブル,"￥9,480",,送料無料,,
,,,,,,,
シングル,tks-rlfb-s,すのこベッド ロール式 シングル 木製 低ホル,"￥6,280",,送料無料,,
シングル,tks-wb-s,ベッド シングル 木製 天然木フレーム 高さ3調節,"￥8,990",,送料無料,,
シングル,tks-wbhb-s,ベッド シングル 木製 コンセント付 高さ3調節,"￥13,800",,送料無料,,
,,,,,,,
セミダブル,tks-rlfb-sd,すのこベッド ロール式 セミダブル 木製 低ホル,"￥7,280",,送料無料,,
セミダブル,tks-wb-sd,ベッド セミダブル 木製 天然木フレーム 高さ3調節,"￥12,990",,送料無料,,
セミダブル,tks-wbhb-sd,ベッド セミダブル 木製 コンセント付 高さ3調節,"￥16,800",,送料無料,,
,,,,,,,
ダブル,tks-rlfb-d,すのこベッド ロール式 セミダブル 木製 低ホル,"￥8,280",,送料無料,,
ダブル,tks-wb-d,ベッド ダブル 木製 天然木フレーム 高さ3調節,"￥14,990",,送料無料,,
ダブル,tks-wbhb-d,ベッド ダブル 木製 コンセント付 高さ3調節,"￥18,800",,送料無料,,
ダブル,tks-dr,ベッド下 収納ボックス 2個セット 高さ21cm,"￥6,490",,送料無料,,
,,,,,,,
扇風機2022,xr-jd03,リビング扇風機 サーキュレーター 扇風機 高さ調節可能 3段階風量調節,"￥2,780",,送料無料,,
扇風機2022,xr-jd02,リビング扇風機 サーキュレーター 扇風機 高さ調節可能 3段階風量調節,"￥4,480",,送料無料,,
扇風機2022,xr-jd01,リビング扇風機 サーキュレーター 扇風機 高さ調節可能 3段階風量調節,"￥4,680",,送料無料,,
扇風機2022,xr-jd06,扇風機 サーキュレーター リビング扇風機 高さ調節可能,"￥3,680",,送料無料,,
扇風機2022,xr-jd08,720°首振り サーキュレーター 扇風機 DCモーター 12段階風量調節 5枚羽根,"￥8,880",,送料無料,,
扇風機2022,xr-esh01,DCモーター 上下左右自動首振り リビング扇風機 サーキュレーター,"￥7,880",,送料無料,,
,,,,,,,
サーキュレーター2022,xr-jd14,DC サーキュレーター リビング扇風機,"￥2,980",,送料無料,,
サーキュレーター2022,xr-jd15,DC サーキュレーター コードレス式 4000mAh,"￥3,380",,送料無料,,
サーキュレーター2022,xr-wk01,サーキュレーター リビング扇風機 アロマ対応,"￥3,130",,送料無料,,
サーキュレーター2022,xr-ifu06,サーキュレーター リビング扇風機 卓上型 16畳対応 3段階風量調節,"￥3,380",,送料無料,,
サーキュレーター2022,xr-ifu07,サーキュレーター リビング扇風機 リモコン付き 卓上型,"￥3,980",,送料無料,,
サーキュレーター2022,xr-f169c,小型 タイマー 静音 首振り 3段階風量調節,"￥5,980",,送料無料,,
サーキュレーター2022,xr-f8e,卓上型 壁掛け式 グリップ式 １台３役 扇風機,"￥3,650",,送料無料,,
サーキュレーター2022,xr-e808,USB充電式扇風機 120°首振り 4段階調節,"￥3,920",,送料無料,,
,,,,,,,
タワーファン2022,xr-jd11,タワーファン スリム 羽根なし扇風機 木目調 3段階風量調節,"￥5,080",,送料無料,,
タワーファン2022,xr-jd12,タワーファン スリム 羽根なし扇風機 3段階風量調節,"￥4,580",,送料無料,,
タワーファン2022,xr-jd13,タワーファン スリム 羽根なし扇風機 木目調,"￥5,880",,送料無料,,
タワーファン2022,xr-drtf11,縦型 8段階風量調節 DCモーター 羽なし,"￥9,200",,送料無料,,
タワーファン2022,xr-fan01,冷暖タイプ リビング扇風機 羽なし,"￥13,480",,送料無料,,
タワーファン2022,xr-fan02,冷暖タイプ DCモーター UV除菌機能,"￥17,280",,送料無料,,
,,,,,,,
冷風扇2022,xr-ifu01,冷風機 冷風扇 冷風扇風機 大容量 5.5L 保冷剤2個付き,"￥6,300",,送料無料,,
冷風扇2022,xr-ifu02,UV除菌機能付き 冷風機 冷風扇 冷風扇風機 扇風機 大容量 5.5L,"￥7,600",,送料無料,,
冷風扇2022,xr-f18jr,冷風機 3段階風量調節 スポットエアコン,"￥7,500",,送料無料,,
,,,,,,,
monitor総合,pms-569-ug,強化ガラス仕様 2色選べる 耐荷重25kg USBハブ×3,"￥3,190",https://takasyou.jp/rakuten/bestsign/pms-569-ug.jpg,送料無料,1,
monitor総合,pms-8011,ホワイト 机上ラック スチール製 プリンター台,"￥4,500",https://takasyou.jp/rakuten/bestsign/pms-8011.jpg,送料無料,2,
monitor総合,pms-557-u,ペンホルダー搭載 2色選べる USBハブ×4 耐荷重10kg,"￥2,980",https://takasyou.jp/rakuten/bestsign/pms-557-u.jpg,送料無料,3,
monitor総合,h01-59080,日本製 スチール製 机上台 幅590mm×高さ80mm,"￥2,750",https://takasyou.jp/rakuten/bestsign/h01-59080.jpg,送料無料,4,
monitor総合,tks-seds60-br,日本製キーボード収納 幅600x奥行254x高さ150mm,,https://takasyou.jp/rakuten/bestsign/tks-seds60-br.jpg,送料無料,5,
,,,,,,,
8畳用,ledcl-sk30,LEDシーリングライト 8畳 ホワイト,"￥3,690",,送料無料,,
8畳用,ledcl-aw30,LEDシーリングライト 8畳 ナチュラル,"￥3,990",,送料無料,,
8畳用,ledcl-dw30,LEDシーリングライト 8畳 ブラウン,"￥3,990",,送料無料,,
,,,,,,,
10畳用,ledcl-sk36,リビング 照明 10畳 リモコン付 調光調色,"￥4,280",,送料無料,,
10畳用,ledcl-aw36,リビング 照明 10畳 リモコン付 調光調色,"￥4,280",,送料無料,,
10畳用,ledcl-dw36,リビング 照明 10畳 リモコン付 調光調色,"￥4,280",,送料無料,,
,,,,,,,
12畳用,ledcl-sk40,シーリングライト led 12畳 リモコン付 調光調色,"￥4,780",,送料無料,,
12畳用,ledcl-aw40,シーリングライト led 12畳 リモコン付 調光調色,"￥4,980",,送料無料,,
12畳用,ledcl-dw40,シーリングライト led 12畳 リモコン付 調光調色,"￥4,780",,送料無料,,
12畳用,ledcl-aw48,シーリングライト led 12畳 リモコン付 調光調色,"￥4,980",,送料無料,,
12畳用,ledcl-dw48,シーリングライト led 12畳 リモコン付 調光調色,"￥4,980",,送料無料,,
12畳用,ledcl-sk48,シーリングライト led 12畳 リモコン付 調光調色,"￥5,180",,送料無料,,
,,,,,,,
新作照明,lsld-800,8畳 4灯 シーリングライト リビング対応,"￥7,180",,送料無料,,
新作照明,lsld4-08,シーリングライト 6~8畳対応 LED対応,"￥6,140",,送料無料,,
新作照明,lsld3-03,シーリングライト 6畳 8畳 LED対応 3灯,"￥5,450",,送料無料,,
新作照明,lsld4-12,シーリングライト 6畳 8畳 LED対応 4灯,"￥5,690",,送料無料,,
新作照明,lsld4-07,シーリングライト 6畳 8畳 LED対応 4灯,"￥5,380",,送料無料,,
新作照明,lsld4-14,シーリングライト LED対応 6畳 8畳 4灯,"￥5,590",,送料無料,,
,,,,,,,
zp他のタイプ,sl-zp150,South Light<br>ポップアップテント,"￥4,180",https://takasyou.jp/rakuten/taihei/sl-zp150.jpg,送料無料,,
zp他のタイプ,sl-zp200,South Light<br>ワンタッチテント,"￥7,800",https://takasyou.jp/rakuten/taihei/sl-zp200.jpg,送料無料,,
zp他のタイプ,sl-zp210,South Light<br>ワンタッチテント,"￥8,680",https://takasyou.jp/rakuten/taihei/sl-zp210.jpg,送料無料,,
zp他のタイプ,sl-zp560d,South Light<br>ツールームテント,"￥23,980",https://takasyou.jp/rakuten/taihei/sl-zp560d.jpg,送料無料,,
,,,,,,,
zp買った,sl-tc240,South Light<br>ヘキサタープシート,"￥6,480",https://takasyou.jp/rakuten/taihei/sl-tc240.jpg,送料無料,,
zp買った,sl-pj01,South Light<br>ヘキサタープ用ポール,"￥3,380",https://takasyou.jp/rakuten/taihei/sl-pj01.jpg,送料無料,,
zp買った,sl-dz185l,South Light<br>レジャーシート,"￥2,380",https://takasyou.jp/rakuten/taihei/sl-dz185l.jpg,送料無料,,
zp買った,sl-jz92,South Light<br>ハンガーラック,"￥2,880",https://takasyou.jp/rakuten/taihei/sl-jz92.jpg,送料無料,,
zp買った,sl-fh3630-st,South Light<br>焚き火台,"￥5,360",https://takasyou.jp/rakuten/taihei/sl-fh3630-st.jpg,送料無料,,
zp買った,sl-dz192c,South Light<br>エアーマット,"￥3,780",https://takasyou.jp/rakuten/taihei/sl-dz192c.jpg,送料無料,,
zp買った,sl-dz192l,South Light<br>エアーマット,"￥3,570",https://takasyou.jp/rakuten/taihei/sl-dz192l.jpg,送料無料,,
zp買った,sl-fh3722,South Light<br>焚き火台,"￥5,580",https://takasyou.jp/rakuten/taihei/sl-fh3722.jpg,送料無料,,
zp買った,sl-yz62,South Light<br>アウトドアチェア,"￥5,980",https://takasyou.jp/rakuten/taihei/sl-yz62.jpg,送料無料,,
zp買った,sl-zz67,South Light<br>アウトドアテーブル,"￥9,980",https://takasyou.jp/rakuten/taihei/sl-zz67.jpg,送料無料,,
,,,,,,,
zpおすすめ,sl-zp150,South Light<br>ポップアップテント,"￥4,180",https://takasyou.jp/rakuten/taihei/sl-zp150.jpg,送料無料,,
zpおすすめ,sl-zp200,South Light<br>ワンタッチテント,"￥7,800",https://takasyou.jp/rakuten/taihei/sl-zp200.jpg,送料無料,,
zpおすすめ,sl-zp210,South Light<br>ワンタッチテント,"￥8,680",https://takasyou.jp/rakuten/taihei/sl-zp210.jpg,送料無料,,
zpおすすめ,sl-zp560d,South Light<br>ツールームテント,"￥23,980",https://takasyou.jp/rakuten/taihei/sl-zp560d.jpg,送料無料,,
zpおすすめ,sl-tc240-pj02,South Light ヘキサタープ(ポール付),,https://takasyou.jp/rakuten/taihei/sl-tc240-pj02.jpg,送料無料,,
zpおすすめ,sl-zy300,South Light<br>タープテント,"￥8,980",https://takasyou.jp/rakuten/taihei/sl-zy300.jpg,送料無料,,
zpおすすめ,sl-tz355-pj02,South Light スクエアタープ(ポール付),"￥17,580",https://takasyou.jp/rakuten/taihei/sl-tz355-pj02.jpg,送料無料,,
zpおすすめ,sl-zz44-br,South Light<br>アウトドアテーブル,"￥10,480",https://takasyou.jp/rakuten/taihei/sl-zz44-br.jpg,送料無料,,
zpおすすめ,sl-yz65,South Light<br>アウトドアチェア,"￥3,980",https://takasyou.jp/rakuten/taihei/sl-yz65.jpg,送料無料,,
zpおすすめ,sl-yz114,South Light<br>アウトドアチェア,"￥6,990",https://takasyou.jp/rakuten/taihei/sl-yz114.jpg,送料無料,,
zpおすすめ,sl-yz57,South Light<br>アウトドアチェア,"￥3,680",https://takasyou.jp/rakuten/taihei/sl-yz57.jpg,送料無料,,
zpおすすめ,sl-fd10,South Light<br>LED充電式ランタン,"￥3,680",https://takasyou.jp/rakuten/taihei/sl-fd10.jpg,送料無料,,
zpおすすめ,sl-fd8,South Light<br>LED充電式ランタン,"￥2,900",https://takasyou.jp/rakuten/taihei/sl-fd8.jpg,送料無料,,
zpおすすめ,sl-fd16,South Light<br>LED充電式ランタン,"￥2,880",https://takasyou.jp/rakuten/taihei/sl-fd16.jpg,送料無料,,
zpおすすめ,sl-fh1313,South Light<br>焚き火台,"￥3,980",https://takasyou.jp/rakuten/taihei/sl-fh1313.jpg,送料無料,,
,,,,,,,
tm他のタイプ,sl-zy300,South Light<br>タープテント,"￥8,980",https://takasyou.jp/rakuten/taihei/sl-zy300.jpg,送料無料,,
tm他のタイプ,sl-tc240-pj02,South Light ヘキサタープ(ポール付),,https://takasyou.jp/rakuten/taihei/sl-tc240-pj02.jpg,送料無料,,
tm他のタイプ,sl-tz355-pj02,South Light スクエアタープ(ポール付),"￥17,580",https://takasyou.jp/rakuten/taihei/sl-tz355-pj02.jpg,送料無料,,
,,,,,,,
tm買った,sl-pj01,South Light<br>ヘキサタープ用ポール,"￥3,380",https://takasyou.jp/rakuten/taihei/sl-pj01.jpg,送料無料,,
tm買った,sl-pj02,South Light<br>スクエアタープ用ポール,"￥6,380",https://takasyou.jp/rakuten/taihei/sl-pj02.jpg,送料無料,,
tm買った,sl-tc240,South Light<br>ヘキサタープシート,"￥6,480",https://takasyou.jp/rakuten/taihei/sl-tc240.jpg,送料無料,,
tm買った,sl-tz355,South Light<br>スクエアタープシート,"￥11,580",https://takasyou.jp/rakuten/taihei/sl-tz355.jpg,送料無料,,
tm買った,sl-yz62,South Light<br>アウトドアチェア,"￥5,980",https://takasyou.jp/rakuten/taihei/sl-yz62.jpg,送料無料,,
tm買った,sl-zz67,South Light<br>アウトドアテーブル,"￥9,980",https://takasyou.jp/rakuten/taihei/sl-zz67.jpg,送料無料,,
tm買った,sl-fh2020,South Light<br>焚き火台,"￥3,980",https://takasyou.jp/rakuten/taihei/sl-fh2020.jpg,送料無料,,
tm買った,sl-zj70-pj03,South Light<br>アウトドアテーブル,"￥6,780",https://takasyou.jp/rakuten/taihei/sl-zj70-pj03.jpg,送料無料,,
tm買った,sl-fh3630-st,South Light<br>焚き火台,"￥5,360",https://takasyou.jp/rakuten/taihei/sl-fh3630-st.jpg,送料無料,,
tm買った,sl-zz44-wd,South Light<br>アウトドアテーブル,"￥10,480",https://takasyou.jp/rakuten/taihei/sl-zz44-wd.jpg,送料無料,,
,,,,,,,
gz他のタイプ,sl-pj01,South Light<br>ヘキサタープ用ポール,"￥3,380",https://takasyou.jp/rakuten/taihei/sl-pj01.jpg,送料無料,,
gz他のタイプ,sl-pj02,South Light<br>スクエアタープ用ポール,"￥6,380",https://takasyou.jp/rakuten/taihei/sl-pj02.jpg,送料無料,,
,,,,,,,
gz買った,sl-tc240,South Light<br>ヘキサタープシート,"￥6,480",https://takasyou.jp/rakuten/taihei/sl-tc240.jpg,送料無料,,
gz買った,sl-tz355,South Light<br>スクエアタープシート,"￥11,580",https://takasyou.jp/rakuten/taihei/sl-tz355.jpg,送料無料,,
gz買った,sl-zy300,South Light<br>タープテント,"￥8,980",https://takasyou.jp/rakuten/taihei/sl-zy300.jpg,送料無料,,
gz買った,sl-yz62,South Light<br>アウトドアチェア,"￥5,980",https://takasyou.jp/rakuten/taihei/sl-yz62.jpg,送料無料,,
gz買った,sl-fh3722,South Light<br>焚き火台,"￥5,580",https://takasyou.jp/rakuten/taihei/sl-fh3722.jpg,送料無料,,
gz買った,sl-zz67,South Light<br>アウトドアテーブル,"￥9,980",https://takasyou.jp/rakuten/taihei/sl-zz67.jpg,送料無料,,
gz買った,sl-fh2020,South Light<br>焚き火台,"￥3,980",https://takasyou.jp/rakuten/taihei/sl-fh2020.jpg,送料無料,,
gz買った,sl-zj70-pj03,South Light<br>アウトドアテーブル,"￥6,780",https://takasyou.jp/rakuten/taihei/sl-zj70-pj03.jpg,送料無料,,
gz買った,sl-fh3630-st,South Light<br>焚き火台,"￥5,360",https://takasyou.jp/rakuten/taihei/sl-fh3630-st.jpg,送料無料,,
gz買った,sl-zz44-wd,South Light<br>アウトドアテーブル,"￥10,480",https://takasyou.jp/rakuten/taihei/sl-zz44-wd.jpg,送料無料,,
,,,,,,,
zz他のタイプ,sl-zz44-wd,South Light<br>アウトドアテーブル,"￥10,480",https://takasyou.jp/rakuten/taihei/sl-zz44-wd.jpg,送料無料,,
zz他のタイプ,sl-zz44-br,South Light<br>アウトドアテーブル,"￥10,480",https://takasyou.jp/rakuten/taihei/sl-zz44-br.jpg,送料無料,,
zz他のタイプ,sl-zz67,South Light<br>アウトドアテーブル,"￥9,980",https://takasyou.jp/rakuten/taihei/sl-zz67.jpg,送料無料,,
zz他のタイプ,sl-zz104,South Light<br>アウトドアテーブル,"￥9,480",https://takasyou.jp/rakuten/taihei/sl-zz104.jpg,送料無料,,
zz他のタイプ,sl-zj70-pj03,South Light<br>アウトドアテーブル,"￥6,780",https://takasyou.jp/rakuten/taihei/sl-zj70-pj03.jpg,送料無料,,
,,,,,,,
zz買った,sl-yz62,South Light<br>アウトドアチェア,"￥5,980",https://takasyou.jp/rakuten/taihei/sl-yz62.jpg,送料無料,,
zz買った,sl-yz65,South Light<br>アウトドアチェア,"￥3,980",https://takasyou.jp/rakuten/taihei/sl-yz65.jpg,送料無料,,
zz買った,sl-yz57,South Light<br>アウトドアチェア,"￥3,680",https://takasyou.jp/rakuten/taihei/sl-yz57.jpg,送料無料,,
zz買った,sl-yz114,South Light<br>アウトドアチェア,"￥6,990",https://takasyou.jp/rakuten/taihei/sl-yz114.jpg,送料無料,,
zz買った,sl-zj70,South Light<br>アウトドアテーブル,"￥4,380",https://takasyou.jp/rakuten/taihei/sl-zj70.jpg,送料無料,,
zz買った,sl-jz92,South Light<br>ハンガーラック,"￥2,880",https://takasyou.jp/rakuten/taihei/sl-jz92.jpg,送料無料,,
zz買った,sl-kl22,South Light<br>バーベキューコンロ,"￥4,980",https://takasyou.jp/rakuten/taihei/sl-kl22.jpg,送料無料,,
zz買った,sl-fh3722,South Light<br>焚き火台,"￥5,580",https://takasyou.jp/rakuten/taihei/sl-fh3722.jpg,送料無料,,
zz買った,sl-fh3630-st,South Light<br>焚き火台,"￥5,360",https://takasyou.jp/rakuten/taihei/sl-fh3630-st.jpg,送料無料,,
zz買った,sl-kl38,South Light<br>バーベキューコンロ,"￥6,880",https://takasyou.jp/rakuten/taihei/sl-kl38.jpg,送料無料,,
,,,,,,,
yz他のタイプ,sl-yz57,South Light<br>アウトドアチェア,"￥3,680",https://takasyou.jp/rakuten/taihei/sl-yz57.jpg,送料無料,,
yz他のタイプ,sl-yz62,South Light<br>アウトドアチェア,"￥5,980",https://takasyou.jp/rakuten/taihei/sl-yz62.jpg,送料無料,,
yz他のタイプ,sl-yz114,South Light<br>アウトドアチェア,"￥6,990",https://takasyou.jp/rakuten/taihei/sl-yz114.jpg,送料無料,,
,,,,,,,
yz買った,sl-zz67,South Light<br>アウトドアテーブル,"￥9,980",https://takasyou.jp/rakuten/taihei/sl-zz67.jpg,送料無料,,
yz買った,sl-zz44-wd,South Light<br>アウトドアテーブル,"￥10,480",https://takasyou.jp/rakuten/taihei/sl-zz44-wd.jpg,送料無料,,
yz買った,sl-zz44-br,South Light<br>アウトドアテーブル,"￥10,480",https://takasyou.jp/rakuten/taihei/sl-zz44-br.jpg,送料無料,,
yz買った,sl-zz104,South Light<br>アウトドアテーブル,"￥9,480",https://takasyou.jp/rakuten/taihei/sl-zz104.jpg,送料無料,,
yz買った,sl-dz185l,South Light<br>レジャーシート,"￥2,380",https://takasyou.jp/rakuten/taihei/sl-dz185l.jpg,送料無料,,
yz買った,sl-dz192c,South Light<br>エアーマット,"￥3,780",https://takasyou.jp/rakuten/taihei/sl-dz192c.jpg,送料無料,,
yz買った,sl-dz192l,South Light<br>エアーマット,"￥3,570",https://takasyou.jp/rakuten/taihei/sl-dz192l.jpg,送料無料,,
yz買った,sl-zj70-pj03,South Light<br>アウトドアテーブル,"￥6,780",https://takasyou.jp/rakuten/taihei/sl-zj70-pj03.jpg,送料無料,,
yz買った,sl-zp210,South Light<br>ワンタッチテント,"￥8,680",https://takasyou.jp/rakuten/taihei/sl-zp210.jpg,送料無料,,
yz買った,sl-zp150,South Light<br>ポップアップテント,"￥4,180",https://takasyou.jp/rakuten/taihei/sl-zp150.jpg,送料無料,,
,,,,,,,
d他のタイプ,sl-fd8,South Light<br>LED充電式ランタン,"￥2,900",https://takasyou.jp/rakuten/taihei/sl-fd8.jpg,送料無料,,
d他のタイプ,sl-fd10,South Light<br>LED充電式ランタン,"￥3,680",https://takasyou.jp/rakuten/taihei/sl-fd10.jpg,送料無料,,
d他のタイプ,sl-fd16,South Light<br>LED充電式ランタン,"￥2,880",https://takasyou.jp/rakuten/taihei/sl-fd16.jpg,送料無料,,
d他のタイプ,sl-fsd21,South Light<br>LEDライト扇風機,"￥3,980",https://takasyou.jp/rakuten/taihei/sl-fsd21.jpg,送料無料,,
,,,,,,,
d買った,sl-zz44-br,South Light<br>アウトドアテーブル,"￥10,480",https://takasyou.jp/rakuten/taihei/sl-zz44-br.jpg,送料無料,,
d買った,sl-zj70-pj03,South Light<br>アウトドアテーブル,"￥6,780",https://takasyou.jp/rakuten/taihei/sl-zj70-pj03.jpg,送料無料,,
d買った,sl-yz62,South Light<br>アウトドアチェア,"￥5,980",https://takasyou.jp/rakuten/taihei/sl-yz62.jpg,送料無料,,
d買った,sl-yz65,South Light<br>アウトドアチェア,"￥3,980",https://takasyou.jp/rakuten/taihei/sl-yz65.jpg,送料無料,,
d買った,sl-yz114,South Light<br>アウトドアチェア,"￥6,990",https://takasyou.jp/rakuten/taihei/sl-yz114.jpg,送料無料,,
d買った,sl-yz57,South Light<br>アウトドアチェア,"￥3,680",https://takasyou.jp/rakuten/taihei/sl-yz57.jpg,送料無料,,
d買った,sl-zz104,South Light<br>アウトドアテーブル,"￥9,480",https://takasyou.jp/rakuten/taihei/sl-zz104.jpg,送料無料,,
d買った,sl-zy300,South Light<br>タープテント,"￥8,980",https://takasyou.jp/rakuten/taihei/sl-zy300.jpg,送料無料,,
d買った,sl-tc240-pj02,South Light ヘキサタープ(ポール付),,https://takasyou.jp/rakuten/taihei/sl-tc240-pj02.jpg,送料無料,,
d買った,sl-tz355-pj02,South Light スクエアタープ(ポール付),"￥17,580",https://takasyou.jp/rakuten/taihei/sl-tz355-pj02.jpg,送料無料,,
,,,,,,,
sd他のタイプ,sl-dz192c,South Light<br>エアーマット,"￥3,780",https://takasyou.jp/rakuten/taihei/sl-dz192c.jpg,送料無料,,
sd他のタイプ,sl-dz192l,South Light<br>エアーマット,"￥3,570",https://takasyou.jp/rakuten/taihei/sl-dz192l.jpg,送料無料,,
,,,,,,,
sd買った,sl-zp150,South Light<br>ポップアップテント,"￥4,180",https://takasyou.jp/rakuten/taihei/sl-zp150.jpg,送料無料,,
sd買った,sl-zp200,South Light<br>ワンタッチテント,"￥7,800",https://takasyou.jp/rakuten/taihei/sl-zp200.jpg,送料無料,,
sd買った,sl-zp210,South Light<br>ワンタッチテント,"￥8,680",https://takasyou.jp/rakuten/taihei/sl-zp210.jpg,送料無料,,
sd買った,sl-zp560d,South Light<br>ツールームテント,"￥23,980",https://takasyou.jp/rakuten/taihei/sl-zp560d.jpg,送料無料,,
sd買った,sl-tc240-pj02,South Light ヘキサタープ(ポール付),,https://takasyou.jp/rakuten/taihei/sl-tc240-pj02.jpg,送料無料,,
sd買った,sl-dz192c,South Light<br>エアーマット,"￥3,780",https://takasyou.jp/rakuten/taihei/sl-dz192c.jpg,送料無料,,
sd買った,sl-dz192l,South Light<br>エアーマット,"￥3,570",https://takasyou.jp/rakuten/taihei/sl-dz192l.jpg,送料無料,,
sd買った,sl-fd8,South Light<br>LED充電式ランタン,"￥2,900",https://takasyou.jp/rakuten/taihei/sl-fd8.jpg,送料無料,,
sd買った,sl-fd10,South Light<br>LED充電式ランタン,"￥3,680",https://takasyou.jp/rakuten/taihei/sl-fd10.jpg,送料無料,,
sd買った,sl-zz67,South Light<br>アウトドアテーブル,"￥9,980",https://takasyou.jp/rakuten/taihei/sl-zz67.jpg,送料無料,,
,,,,,,,
fht他のタイプ,sl-fh2020,South Light<br>焚き火台,"￥3,980",https://takasyou.jp/rakuten/taihei/sl-fh2020.jpg,送料無料,,
fht他のタイプ,sl-fh3722,South Light<br>焚き火台,"￥5,580",https://takasyou.jp/rakuten/taihei/sl-fh3722.jpg,送料無料,,
fht他のタイプ,sl-fh3630-st,South Light<br>焚き火台,"￥5,360",https://takasyou.jp/rakuten/taihei/sl-fh3630-st.jpg,送料無料,,
fht他のタイプ,sl-kl38,South Light<br>バーベキューコンロ,"￥6,880",https://takasyou.jp/rakuten/taihei/sl-kl38.jpg,送料無料,,
fht他のタイプ,sl-kl22,South Light<br>バーベキューコンロ,"￥4,980",https://takasyou.jp/rakuten/taihei/sl-kl22.jpg,送料無料,,
,,,,,,,
fht買った,sl-kl22,South Light<br>バーベキューコンロ,"￥4,980",https://takasyou.jp/rakuten/taihei/sl-kl22.jpg,送料無料,,
fht買った,sl-kl38,South Light<br>バーベキューコンロ,"￥6,880",https://takasyou.jp/rakuten/taihei/sl-kl38.jpg,送料無料,,
fht買った,sl-yz57,South Light<br>アウトドアチェア,"￥3,680",https://takasyou.jp/rakuten/taihei/sl-yz57.jpg,送料無料,,
fht買った,sl-yz114,South Light<br>アウトドアチェア,"￥6,990",https://takasyou.jp/rakuten/taihei/sl-yz114.jpg,送料無料,,
fht買った,sl-zj70-pj03,South Light<br>アウトドアテーブル,"￥6,780",https://takasyou.jp/rakuten/taihei/sl-zj70-pj03.jpg,送料無料,,
fht買った,sl-yz62,South Light<br>アウトドアチェア,"￥5,980",https://takasyou.jp/rakuten/taihei/sl-yz62.jpg,送料無料,,
fht買った,sl-yz65,South Light<br>アウトドアチェア,"￥3,980",https://takasyou.jp/rakuten/taihei/sl-yz65.jpg,送料無料,,
fht買った,sl-zz44-br,South Light<br>アウトドアテーブル,"￥10,480",https://takasyou.jp/rakuten/taihei/sl-zz44-br.jpg,送料無料,,
fht買った,sl-zz67,South Light<br>アウトドアテーブル,"￥9,980",https://takasyou.jp/rakuten/taihei/sl-zz67.jpg,送料無料,,
fht買った,sl-dz192c,South Light<br>エアーマット,"￥3,780",https://takasyou.jp/rakuten/taihei/sl-dz192c.jpg,送料無料,,
小电风扇,,,,,,,
キャンプファン,xr-df182,卓上扇風機 壁掛け 吊り下げ LED照明機能付き,,"¥2,680",充電式,,
キャンプファン,sl-fsd21,South Light アウトドア LEDランタン LEDライト扇風機,,"¥3,980",充電式,,
キャンプファン,xr-df197,1台2役 サーキュレーター サーキュライト,,"¥3,590",充電式,,
キャンプファン,xr-df400,【2022年新型】コードレス3脚ファン ,,"¥3,890",充電式,,
キャンプファン,xr-js01,スタンド式 卓上式 吊り式 サーキュレーター 扇風機,,"¥5,980",充電式,,
,,,,,,,
ハンズフリー,xr-m224,マスクエアーファン USB充電式超軽量,,¥990,充電式,,
ハンズフリー,xr-cf110,1台4役 多機能扇風機 腰掛け扇風機 ファン 首かけ,,"¥1,390",充電式,,
ハンズフリー,xr-cf193,充電式扇風機 クリップ式 卓上扇風機 スタンド式,,"¥1,390",充電式,,
ハンズフリー,xr-cf130,腰掛け扇風機 ミスト機能 加湿機能 首かけ ネックファン,,"¥2,180",充電式,,
ハンズフリー,xr-nf205,腰掛け扇風機 充電式 加湿機能 首かけ 手持ち 卓上式,,"¥2,490",充電式,,
ハンズフリー,xr-hf184,扇風機 4800mAh 最大18時間動作 3段階風量調節,,"¥2,300",充電式,,
ハンズフリー,xr-hf115,パワフル送風 LEDライト 連続5時間使用可能 手持ち扇風機,,"¥1,580",充電式,,
ハンズフリー,xr-hf240,ハンディファン 5段階風量調整   USB充電,,"¥2,540",充電式,,
ハンズフリー,xr-hf163,ハンディファン 2000mAh usb 充電 卓上 手持ち,,"¥1,580",充電式,,
ハンズフリー,xr-hf148,ミニ扇風機 風量3段階調節 吊り下げ 超薄型 超軽量,,"¥1,590",充電式,,
ハンズフリー,xr-hf172,ハンディファン 手持ち 噴霧機能 風量3段階 急速冷却,,"¥1,290",充電式,,
ハンズフリー,xr-hf257,手持ち 小型 高さ23.5cm 静音 USB充電式 卓上置き,,"¥1,490",充電式,,
ハンズフリー,xr-ja2,ミニ扇風機 手持ち スタンド 充電式,,"¥1,890",充電式,,
ハンズフリー,hf310,ハンディーファン 充電式扇風機 クリップ式  風量3段,,"¥2,960",充電式,,
,,,,,,,
卓上置き,xr-tf253,1台4役 卓上扇風機 アウトドア ベビーカー 自動首振り,,"¥2,090",充電式,,
卓上置き,xr-js01,スタンド式 卓上式 吊り式 サーキュレーター 扇風機,,"¥5,980",充電式,,
卓上置き,xr-df197,1台2役 サーキュレーター サーキュライト,,"¥3,590",充電式,,
卓上置き,xr-df180,冷風機 冷風扇 ミニファン 卓上冷風扇 2色選べる 小型冷風機,,"¥2,750",充電式,,
卓上置き,xr-df243,卓上扇風機 ハンディファン 静音 usb充電 小型 軽量,,"¥3,790",充電式,,
卓上置き,xr-df268,卓上扇風機 アロマ対応 2段階風量調節 大容量バッテリー,,"¥3,990",充電式,,
卓上置き,xr-df246,クリップ式 充電式扇風機  卓上扇風機 dc モーター,,"¥2,980",充電式,,
卓上置き,xr-hf120,1台2役 ハンディーファン クリップ式 卓上扇風機 LEDライト付,,"¥1,290",充電式,,
卓上置き,xr-cf70,ミニファン 3段階風量 軽量 静音 約5.5時間稼働,,"¥1,490",充電式,,
卓上置き,xr-df217,ハンディファン 風量調整 usb充電 卓上扇風機,,"¥2,180",充電式,,
卓上置き,fa26,卓上扇風機 4段階風量調節 USB充電 手持ち,,"¥2,380",充電式,,
卓上置き,xr-df202,冷風機 冷風扇 自動首振り 静音 スポットクーラー,,"¥3,680",充電式,,
,,,,,,,
,,,,,,,
クリップファン,xr-hf120,1台2役 ハンディーファン クリップ式 卓上扇風機 LEDライト付,,"¥1,290",充電式,,
クリップファン,xr-cf193,充電式扇風機 クリップ式 卓上扇風機 スタンド式,,"¥1,390",充電式,,
クリップファン,xr-df209,充電式扇風機 クリップ式 卓上扇風機 スタンド式,,"¥2,190",充電式,,
クリップファン,xr-df240,充電式扇風機 クリップ式 スタンド式 USB充電式,,"¥2,190",充電式,,
クリップファン,xr-df246,クリップ式 充電式扇風機  卓上扇風機 dc モーター,,"¥2,980",充電式,,
クリップファン,xr-f8e,風量3段階 クリップ 吊り下げ スタンド,,"¥3,650",充電式,,
,,,,,,,
腰掛けファン,xr-cf110,1台4役 多機能扇風機 腰掛け扇風機 ファン 首かけ,,"¥1,390",充電式,,
腰掛けファン,xr-cf130,腰掛け扇風機 ミスト機能 加湿機能 首かけ ネックファン,,"¥2,180",充電式,,
腰掛けファン,xr-cf70,ミニファン 3段階風量 軽量 静音 約5.5時間稼働,,"¥1,490",充電式,,
,,,,,,,
加湿ファン,xr-df217,ハンディファン 風量調整 usb充電 卓上扇風機,,"¥2,180",加湿式,,
加湿ファン,xr-df180,冷風機 冷風扇 ミニファン 卓上冷風扇 2色選べる 小型冷風機,,"¥2,750",加湿式,,
加湿ファン,xr-r012,USB 小型 卓上冷風扇 加湿機能搭載,,"¥3,580",加湿式,,
加湿ファン,xr-df202,冷風機 冷風扇 自動首振り 静音 スポットクーラー,,"¥3,680",加湿式,,
,,,,,,,
,------電気フライヤー内联------,,,,,,
,,,,,,,
xd-cm-1,xd-cm4lf,,,"¥18,400",,,
xd-cm-1,xd-cm6lf,,,"¥23,000",,,
xd-cm-1,xd-cm8lf,,,"¥26,380",,,
xd-cm-2,xd-cm4lf-2,,,"¥31,980",,,
xd-cm-2,xd-cm6lf-2,,,"¥34,980",,,
,,,,,,,
サーキュレーターinner1,xr-lrk02,上下左右自動首振り イオンで除菌 DCモーター,6720,,送料無料,リモコン付き,DCモーター
サーキュレーターinner1,xr-ht04,360°首振り 卓上型 壁掛け型 3D送風 小型 空気循環,5180,,送料無料,リモコン付き,卓上＆壁掛け式
サーキュレーターinner1,xr-ht06,イオン除菌機能 高さ5段階調節 左右自動首振り,10280,,送料無料,リモコン付き,イオン除菌機能搭載
,,,,,,,
家電inner2,xr-jd12,タワーファン 羽根なし 左右70°自動首振りリモコン,4580,,送料無料,リモコン付き,3段階風量調節
家電inner2,xr-ifu02,UV除菌機能付き 冷風機 風量3段階切替,7600,,送料無料,冷風機,風量3段階切替
家電inner2,xr-ifu03,扇風機 サーキュレーター自動首振り,5680,,送料無料,左右70°自動首振り,アロマ機能搭載
家電inner2,xr-ht01,360°首振り パワフル送風 3D送風 静音 軽量設計,4080,,送料無料,卓上＆壁掛け両方対応,空気循環
家電inner2,xr-jsk232,除湿機 除湿器 1L大容量 コンパクト,5980,,送料無料,大容量1000ml,15畳対応
家電inner2,nsp-x2,AG+ 銀イオンプラズマ 空気清浄機 27畳対応,79800,,送料無料,日本公共機関検証済み！,花粉対策 ウイルス対策
家電inner2,xr-cm18,空気清浄機 適応21畳 除菌 小型 花粉症 対策,7480,,送料無料,99.9% UV除菌,21畳対応
家電inner2,xr-d046jr-uv,4IN1 UV除菌・空気洗浄・冷暖扇風機,15480,,送料無料,UVライト除菌,温風＆冷風
,,,,,,,
冷風扇inner1,xr-df202,冷風機 冷風扇 自動首振り 静音 スポットクーラー,3280,,送料無料,5000mAh,3段階風量調節
冷風扇inner1,xr-ifu02,UV除菌機能付き 冷風機 風量3段階切替,7600,,送料無料,自動首振り,3段階風量調節
冷風扇inner1,xr-f18jr,冷風機 3段階風量調節 スポットエアコン,7500,,送料無料,6Lタンク ,3段階風量調節
冷風扇inner1,xr-ifu01,冷風機 保冷剤2個付き 風量3段階切替,6300,,送料無料,リモコン付き,3段階風量調節
,,,,,,,
タワーファンinner2,xr-jd11,タワーファン スリム 羽根なし扇風機3段階風量調節 ,5080,,送料無料,,
タワーファンinner2,xr-jd12,タワーファン 羽根なし 左右70°自動首振りリモコン,4580,,送料無料,,
タワーファンinner2,xr-ht08,空気清浄機 扇風機 リモコン付き 羽なし 加湿機能搭載 3重空気清浄,22980,,送料無料,,
タワーファンinner2,xr-drtf11,縦型 8段階風量調節 DCモーター 羽なし,9200,,送料無料,,
,,,,,,,
タワーファンinner2,xr-ht08,空気清浄機 扇風機 リモコン付き 羽なし 加湿機能搭載 3重空気清浄,14680,,送料無料,,
タワーファンinner2,xr-d046jr,タワーファン 冷暖タイプ 8段階風量調節 羽なし,15480,,送料無料,,
タワーファンinner2,xr-d046jr-uv,4IN1 UV除菌・空気洗浄・冷暖扇風機,17280,,送料無料,,
タワーファンinner2,xr-fan02,冷暖タイプ DCモーター UV除菌機能,17280,,送料無料,,
,,,,,,,
タワーファンinner3,xr-ifu01,冷風機 保冷剤2個付き 風量3段階切替,6300,,送料無料,,
タワーファンinner3,xr-ifu02,UV除菌機能付き 冷風機 風量3段階切替,7600,,送料無料,,
タワーファンinner3,xr-f18jr,冷風機 3段階風量調節 スポットエアコン,7500,,送料無料,,
タワーファンinner3,xr-fan02,冷暖タイプ DCモーター UV除菌機能,17280,,送料無料,,
,,,,,,,
リビング扇風機inner1,xr-jd01,高さ調節可能 左右90°自動首振り 自動OFF,3280,,送料無料,高さ調節可能,3段階風量調節
リビング扇風機inner1,xr-jd02,サーキュレーター 扇風機 左右90°自動首振り,4480,,送料無料,高さ調節可能,3段階風量調節
リビング扇風機inner1,xr-jd03,リビング扇風機 自動首振り 静音モード搭載,2780,,送料無料,高さ調節可能,3段階風量調節
リビング扇風機inner1,xr-jd08,720°首振り DCモーター 12段階風量調節 5枚羽根,8880,,送料無料,DCモーター,12段階風量調節
,,,,,,,
リビング扇風機inner2,xr-jd04,リビング扇風機 5枚羽根 高さ調節可能 3段階風量,3580,,送料無料,リモコン付き,3段階風量調節
リビング扇風機inner2,xr-jd05,扇風機 5枚羽根 4段階風量 2段階モード ,3680,,送料無料,リモコン付き,4段階風量調節
リビング扇風機inner2,xr-jd06,3段階風量調節 5枚羽根 静音 入切タイマー付き,3680,,送料無料,リモコン付き,3段階風量調節
リビング扇風機inner2,xr-jd07,扇風機 サーキュレーター リビング扇風機 高さ調節可能,3480,,送料無料,リモコン付き,3段階風量調節